INSERT INTO employee
VALUES
  (10001, 1, "Adrian", "T", "Chambers", 7074303775, "adr510909@gmail.com", "1562 Response Road #3106", "Sacramento", "CA", 95815, 35),
  (10002, 2, "Justin", "G", "Orme", 4158164431, "justingorme@gmail.com", "567 Hoenn Lane", "Fairfield", "CA", 94533, 35),
  (10003, 3, "Jordan", "A", "James", 7073425532, "jordanjames@gmail.com", "321 Martin Luther Drive", "San Francisco", "CA", 98910, 20),
  (10004, 4, "Jessica", "", "Lee", 7079431121, "jessicalee@yahoo.com", "1221 San Leandro Way", "Oakland", "CA", 91212, 30),
  (10005, 5, "Alama", "", "Sao", 7073440565, "alamasao@gmail.com", "527 Oakmeade Circle", "Vacaville", "CA", 94534, 60);

-- Default Passwords are: abcd1234
INSERT INTO user
VALUES
  ("adrian", "$2y$10$pYIIg2yMY5Ot/kKtJntfI.TQhXAaDsZayJQKPmSsX3yMDU3mpmrWO", 10001),
  ("justin", "$2y$10$pYIIg2yMY5Ot/kKtJntfI.TQhXAaDsZayJQKPmSsX3yMDU3mpmrWO", 10002),
  ("jordan", "$2y$10$pYIIg2yMY5Ot/kKtJntfI.TQhXAaDsZayJQKPmSsX3yMDU3mpmrWO", 10003),
  ("jessica", "$2y$10$pYIIg2yMY5Ot/kKtJntfI.TQhXAaDsZayJQKPmSsX3yMDU3mpmrWO", 10004),
  ("alama", "$2y$10$pYIIg2yMY5Ot/kKtJntfI.TQhXAaDsZayJQKPmSsX3yMDU3mpmrWO", 10005);

INSERT INTO site
VALUES
  ("X63", "Sacramento", "52 Heritage Lane Bld 2, Sacramento, CA 95815", 9163211222, "sacodar@ssa.gov"),
  ("X64", "San Jose", "324 Juniper Road Bld 2, San Jose, CA 94123", 5129092211, "sanjose@ssa.gov"),
  ("X69", "Oakland", "123 Rolling Way Bld 1 Suite 3, Oakland, CA 91212", 4154291856, "oakland@ssa.gov"),
  ("X70", "San Rafael", "324 Apolla Street, San Rafael, CA 98732", 7059993650, "sanrafael@ssa.gov"),
  ("Y54", "San Francisco", "559 River Point Dr, San Francisco, CA 98910", 4158810909, "sf@ssa.gov");

INSERT INTO expert
VALUES
  (30001, "Alina", "Sala", "VE"),
  (30002, "Bonnie", "Drumwright", "VE"),
  (30003, "Robert", "Smolich", "REP"),
  (30004, "Jessica", "Cook", "REP"),
  (30005, "Steve", "Valizan", "REP"),
  (30006, "David", "Dettmer", "VE"),
  (30007, "John", "Graham", "VE"),
  (30008, "Bill", "Latour", "REP"),
  (30009, "Tom", "Van Eck", "VE"),
  (30010, "Jonathan", "Hendricks", "VE"),
  (30011, "Jason", "Carney", "REP");

INSERT INTO judge
VALUES
  (20001, "X63", "David", "Blume"),
  (20002, "X63", "Susan", "French"),
  (20003, "X63", "Molly", "Gillis"),
  (20004, "X63", "Thomas", "Villerie"),
  (20005, "X64", "Harrison", "Duong"),
  (20006, "X64", "Lillian", "Ruiz"),
  (20007, "X64", "Nicholas", "Harris"),
  (20008, "X69", "Jasmine", "Cox"),
  (20009, "X69", "Lynsday", "Hanley"),
  (20010, "X70", "Ahmad", "Ariquat"),
  (20011, "Y54", "Monica", "Geller"),
  (20012, "Y54", "Justin", "Hernandez"),
  (20013, "X70", "Monica", "Greene"),
  (20014, "X64", "Joesph", "Tribianni"),
  (20015, "Y54", "Moniqua", "Mireles");

INSERT INTO clerk
VALUES
  (40001, 20012, "Janean", "Lamont", "janeanlamont@ssa.gov"),
  (40002, 20002, "Marcus", "Lashaun", "marcuslashaun@ssa.gov"),
  (40003, 20009, "Nicol", "Ashley", "nicolashley@ssa.gov"),
  (40004, 20001, "Troy", "Tajuana", "troytajuana@ssa.gov"),
  (40005, 20011, "Mirtha", "Roseline", "mirtharoseline@ssa.gov"),
  (40006, 20008, "Alise", "Jutta", "alisejutta@ssa.gov"),
  (40007, NULL, "Kathlyn", "Trena", "kathlyntrena@ssa.gov"),
  (40008, 20007, "Dolly", "Maisha", "dollymaisha@ssa.gov"),
  (40009, NULL, "Luther", "Asha", "lutherasha@ssa.gov"),
  (40010, 20005, "Reynaldo", "Hugh", "reynaldohugh@ssa.gov");

INSERT INTO ticket
VALUES
  (39263995,"2010/1/3", "1990-53-7355053", "Cortney", "Terrell", "SS01-39-90463", 1619008, "81-13223586", "149E", "2013/1/15", "8:45", "ALPO", 10001, 20001, "Y54"),
  (59945873,"2011/9/11", "1507-36-2079086", "Kyung", "Doris", "SS01-65-33245", 1073817, "98-13093662", "206E", "2014/5/1", "1:15", "UNWR", 10004, 20007, "X69"),
  (64783543,"2013/9/26", "1600-22-8606233", "Debroah", "Shantell", "SS04-88-95998", 1216082, "80-12834373", "636E", "2014/5/24", "8:15", "UNWR", 10002, 20006, "X63"),
  (42282456,"2012/2/10", "1339-21-3626883", "Earlene", "Desire", "SS04-88-76075", 1725794, "15-17331140", "662E", "2013/10/13", "10:00", "UNWR", 10003, 20007, "X64"),
  (31756609,"2011/9/21", "1936-62-7191300", "William", "Diann", "SS00-36-39758", 1614232, "38-12569735", "557E", "2014/4/10", "8:15", "ALPO", 10003, 20001, "X63"),
  (53941707,"2011/11/29", "1400-66-7690979", "Curt", "Shana", "SS00-12-43140", 1526187, "89-16353561", "347E", "2013/10/16", "8:00", "POST", 10002, 20010, "X64"),
  (37252177,"2010/4/6", "1197-13-1312912", "Glayds", "Napoleon", "SS07-53-15942", 1897992, "40-10757317", "693E", "2013/5/2", "1:00", "POST", 10005, 20002, "X63"),
  (89866191,"2013/10/6", "1788-21-5652737", "Claudio", "Laurene", "SS07-46-46602", 1338948, "26-17489133", "615E", "2014/10/8", "1:15", "UNWR", 10002, 20007, "X63"),
  (45553851,"2009/10/21", "1563-55-5203651", "Merlin", "Pennie", "SS06-64-43090", 1853759, "40-13935537", "346E", "2013/9/2", "11:00", "POST", 10001, 20014, "X64"),
  (61535896,"2010/4/6", "1488-65-5872846", "Bethanie", "Alvaro", "SS06-20-33612", 1284731, "42-14649955", "708E", "2013/4/28", "11:15", "ALPO", 10001, 20009, "X70"),
  (64574767,"2011/8/27", "1560-17-3863588", "Junior", "Laure", "SS08-75-14866", 1614506, "56-18019396", "563E", "2012/5/22", "1:00", "ALPO", 10003, 20003, "Y54"),
  (14021630,"2011/9/18", "1988-95-3326965", "Marcos", "Alverta", "SS08-12-25103", 1476899, "57-13731158", "200E", "2013/2/11", "10:00", "POST", 10003, 20008, "X64"),
  (56634398,"2013/7/21", "1683-24-6722106", "Paulette", "Rafael", "SS03-73-23910", 1432451, "33-15372118", "132E", "2013/10/10", "11:45", "POST", 10002, 20010, "Y54"),
  (10672214,"2010/1/10", "1721-89-4783510", "Lida", "Neda", "SS04-57-36699", 1543241, "68-10815732", "205E", "2010/4/8", "8:45", "PTSR", 10004, 20009, "X64"),
  (24699451,"2011/8/17", "1902-63-9824491", "Dakota", "Dinah", "SS06-20-47517", 1119563, "33-18634404", "493E", "2014/1/8", "1:45", "POST", 10002, 20007, "X69"),
  (54900156,"2010/10/21", "1461-52-4708112", "Angelica", "Kenneth", "SS00-13-43085", 1276996, "86-16057380", "657E", "2011/5/1", "8:30", "POST", 10004, 20001, "X64"),
  (36629362,"2012/8/19", "1479-19-4821166", "Terrence", "Maud", "SS01-20-85320", 1869512, "56-18484894", "955E", "2014/8/6", "2:00", "PTSR", 10002, 20001, "X63"),
  (77536503,"2013/4/17", "1157-44-1356153", "Will", "Staci", "SS01-96-83133", 1419237, "28-13433736", "732E", "2014/4/20", "2:00", "ALPO", 10001, 20008, "Y54"),
  (74859701,"2012/7/22", "1412-94-3930875", "Deshawn", "Lupe", "SS07-17-35655", 1716861, "46-10137593", "496E", "2012/10/28", "10:00", "UNWR", 10005, 20008, "X63"),
  (12397177,"2011/11/21", "1714-45-2724253", "Valeri", "Deana", "SS02-10-53583", 1274649, "14-17499861", "840E", "2012/9/27", "9:00", "PTSR", 10004, 20010, "X70"),
  (84163543,"2010/4/22", "1600-58-1853870", "Hazel", "Eve", "SS02-94-95999", 1757180, "16-12017730", "725E", "2010/6/20", "10:15", "PTSR", 10002, 20008, "X64"),
  (14265634,"2012/5/3", "1555-20-4300684", "Lea", "Eden", "SS04-46-93012", 1011859, "52-10683793", "996E", "2013/6/23", "10:45", "ALPO", 10002, 20005, "X63"),
  (86610759,"2011/2/23", "1516-31-1816722", "Briana", "Jamar", "SS08-55-42959", 1080278, "65-14710214", "785E", "2014/6/4", "11:45", "PTSR", 10005, 20013, "X69"),
  (49555909,"2010/8/10", "1425-65-1093213", "Candi", "Cherelle", "SS02-86-48227", 1473695, "74-11825084", "692E", "2012/3/6", "10:00", "POST", 10001, 20005, "X64"),
  (50627986,"2013/5/15", "1928-11-7313927", "Loan", "Anne", "SS00-59-90828", 1694853, "67-15348215", "610E", "2015/1/27", "1:30", "ALPO", 10002, 20012, "Y54"),
  (17222560,"2011/8/18", "1142-31-7787995", "Rolland", "Kori", "SS02-52-12753", 1123326, "71-16072073", "342E", "2013/10/7", "10:15", "ALPO", 10003, 20004, "X70"),
  (99585164,"2011/8/25", "1256-34-7163773", "Maegan", "Judy", "SS08-17-83533", 1620181, "53-11651956", "478E", "2014/1/29", "2:00", "UNWR", 10002, 20002, "Y54"),
  (36701260,"2011/8/10", "1245-75-6012489", "Allen", "Roxie", "SS02-36-45012", 1383764, "74-17442145", "120E", "2013/10/11", "11:00", "ALPO", 10001, 20012, "X69"),
  (71787573,"2014/2/3", "1328-93-2731327", "Myrta", "Ladonna", "SS01-64-34191", 1103254, "32-13895952", "956E", "2014/7/9", "11:30", "ALPO", 10002, 20012, "X69"),
  (72442847,"2013/4/28", "1879-21-9488245", "Oliver", "Rossana", "SS01-14-93398", 1141938, "29-17406071", "150E", "2014/12/15", "1:00", "ALPO", 10002, 20007, "Y54"),
  (77695285,"2012/10/15", "1835-48-4515809", "Barrie", "Melita", "SS03-85-17051", 1527901, "87-11584313", "166E", "2015/1/6", "9:30", "POST", 10002, 20006, "Y54"),
  (95913111,"2010/8/2", "1398-55-3316088", "Sandy", "Jaclyn", "SS07-97-66784", 1094104, "29-16673473", "712E", "2014/11/17", "1:15", "PTSR", 10002, 20010, "X64"),
  (56630182,"2011/6/15", "1344-95-2012266", "Gena", "Mozell", "SS01-10-96727", 1126983, "62-14825836", "283E", "2011/10/13", "8:30", "PTSR", 10003, 20014, "X64"),
  (55457584,"2012/10/18", "1693-17-7267649", "Cordia", "Elisa", "SS07-23-36019", 1802049, "98-15389106", "435E", "2014/11/1", "10:00", "POST", 10005, 20009, "X69"),
  (96279214, "2011/3/2", "1292-46-8972862", "Milford", "Marketta", "SS05-63-50897", 1885134, "92-10137445", "431E", "2014/9/19", "10:15", "POST", 10005, 20009, "X69"),
  (18804827, "2010/4/11", "1630-94-2368526", "Jenna", "Alesia", "SS08-30-72799", 1299042, "65-10519667", "692E", "2014/2/14", "8:15", "PTSR", 10005, 20009, "X70"),
  (38916969, "2014/2/9", "1536-25-8809382", "Burma", "Porsche", "SS01-44-34853", 1124590, "70-15396282", "321E", "2014/4/2", "1:00", "UNWR", 10005, 20014, "X69"),
  (21498352, "2011/3/11", "1224-13-4768678", "Lisette", "Dorene", "SS00-76-86648", 1766282, "34-13562140", "188E", "2014/8/2", "9:30", "ALPO", 10005, 20008, "X63");

INSERT INTO witness
VALUES
  (30001, 39263995),
  (30003, 39263995),
  (30006, 59945873),
  (30011, 59945873),
  (30009, 64783543),
  (30008, 64783543),
  (30006, 42282456),
  (30008, 42282456),
  (30002, 31756609),
  (30011, 31756609),
  (30009, 53941707),
  (30011, 53941707),
  (30007, 37252177),
  (30005, 37252177),
  (30009, 89866191),
  (30005, 89866191),
  (30007, 45553851),
  (30011, 45553851),
  (30007, 61535896),
  (30011, 61535896),
  (30010, 64574767),
  (30008, 64574767),
  (30009, 14021630),
  (30008, 14021630),
  (30010, 56634398),
  (30011, 56634398),
  (30009, 10672214),
  (30008, 10672214),
  (30002, 24699451),
  (30003, 24699451),
  (30007, 54900156),
  (30008, 54900156),
  (30001, 36629362),
  (30004, 36629362),
  (30009, 77536503),
  (30011, 77536503),
  (30010, 74859701),
  (30005, 74859701),
  (30006, 12397177),
  (30008, 12397177),
  (30007, 84163543),
  (30003, 84163543),
  (30001, 14265634),
  (30008, 14265634),
  (30007, 86610759),
  (30011, 86610759),
  (30001, 49555909),
  (30011, 49555909),
  (30001, 50627986),
  (30003, 50627986),
  (30001, 17222560),
  (30008, 17222560),
  (30002, 99585164),
  (30011, 99585164),
  (30002, 36701260),
  (30008, 36701260),
  (30001, 71787573),
  (30004, 71787573),
  (30009, 72442847),
  (30008, 72442847),
  (30009, 77695285),
  (30008, 77695285),
  (30002, 95913111),
  (30005, 95913111),
  (30009, 56630182),
  (30004, 56630182),
  (30007, 55457584),
  (30004, 55457584),
  (30010, 96279214),
  (30008, 96279214),
  (30006, 18804827),
  (30005, 18804827),
  (30006, 38916969),
  (30011, 38916969),
  (30009, 21498352),
  (30004, 21498352);
